<?xml version="1.0" encoding="UTF-8" standalone="yes"?>
<addon id="script.terrorizeinc" name="Terrorize Inc Script" version="0.0.1" provider-name="Terrorize420">
	<requires>
		<import addon="xbmc.python" version="2.14.0"/>
	</requires>
	<extension point="xbmc.python.script" library="addon.py">
		<provides>executable</provides>
	</extension>
	<extension point="xbmc.addon.metadata">
		<platform>all</platform>
		<summary lang="en">Popup Terrorize Inc Repo</summary>
		<description lang="en">Test Script So I Can Learn</description>
		<license>GNU General Public License, v2</license>
		<language></language>
		<forum>http://forum.kodi.tv/showthread.php?tid=209948</forum>
		<source>https://github.com/Terrorize420/script.terrorizeinc</source>
		<website>TerrorizeInc.com</website>
		<email>Terrorize420@TerrorizeInc.com</email>
		<assets>
			<icon>icon.png</icon>
			<fanart>fanart.jpg</fanart>
			<screenshot>resources/screenshot-01.jpg</screenshot>
			<screenshot>resources/screenshot-02.jpg</screenshot>
			<screenshot>resources/screenshot-03.jpg</screenshot>
		</assets>
		<news>Brad Is A Butt Baby</news>
	</extension>
</addon>
