<?xml version="1.0" encoding="UTF-8" standalone="yes"?>
<addon id="repository.TerrorizeInc.Repo" name="Terrorize Inc Repo" version="0.0.1" provider-name="Terrorize420">
	<extension point="xbmc.addon.repository" name="Terrorize Inc Repo">
		<dir>
			<info compressed="false">https://raw.githubusercontent.com/totalrevolution/python-koding/master/zips/addons.xml</info>
			<checksum>https://raw.githubusercontent.com/totalrevolution/python-koding/master/zips/addons.xml.md5</checksum>
			<datadir zip="true">https://raw.githubusercontent.com/totalrevolution/python-koding/master/zips/</datadir>
		</dir>
		<info compressed="false">https://raw.githubusercontent.com/Terrorize420/repository.TerrorizeInc.Repo/master/zips/addons.xml</info>
		<checksum>https://raw.githubusercontent.com/Terrorize420/repository.TerrorizeInc.Repo/master/zips/addons.xml.md5</checksum>
		<datadir zip="true">https://raw.githubusercontent.com/Terrorize420/repository.TerrorizeInc.Repo/master/zips/</datadir>
	</extension>
	<extension point="xbmc.addon.metadata">
		<summary lang="en">Terrorize Inc Repository</summary>
		<description lang="en">Brad Is A Butt Baby</description>
		<genre>usa</genre>
	</extension>
</addon>